CREATE TABLE IF NOT EXISTS ml_models (
  name VARCHAR(100) PRIMARY KEY NOT NULL,  
  url VARCHAR(100) NOT NULL,  
  intercept_map DOUBLE PRECISION NOT NULL,  
  month_map DOUBLE PRECISION NOT NULL,
  storey_range_map DOUBLE PRECISION NOT NULL,  
  floor_area_sqm_map DOUBLE PRECISION NOT NULL, 
  lease_commence_date_map DOUBLE PRECISION NOT NULL 
);


INSERT INTO ml_models (name, url, intercept_map, month_map, storey_range_map, floor_area_sqm_map, lease_commence_date_map) VALUES
('Support Vector Regression', 'https://prediction-tool.azure-api.net/prediction-tool-svr/api/v1/service/prediction-tool-svr/score', -8481894.82674334, 883.6169945728, 14430.0515127963, 4306.1376772132, 4269.1459851861),
('Ridge Regression', 'https://prediction-tool.azure-api.net/prediction-tool-rr/api/v1/service/prediction-tool-rr/score', -10066991.282007659, 882.5868708821, 13707.8470922222, 4370.6927349113, 5089.0599845337);


CREATE TABLE IF NOT EXISTS months_ordinal (
  name VARCHAR(100) PRIMARY KEY NOT NULL,  
  value INTEGER NOT NULL 
);

INSERT INTO months_ordinal (name, value) VALUES
    ('2017-01', 0),
    ('2017-02', 1),
    ('2017-03', 2),
    ('2017-04', 3),
    ('2017-05', 4),
    ('2017-06', 5),
    ('2017-07', 6),
    ('2017-08', 7),
    ('2017-09', 8),
    ('2017-10', 9),
    ('2017-11', 10),
    ('2017-12', 11),
    ('2018-01', 12),
    ('2018-02', 13),
    ('2018-03', 14),
    ('2018-04', 15),
    ('2018-05', 16),
    ('2018-06', 17),
    ('2018-07', 18),
    ('2018-08', 19),
    ('2018-09', 20),
    ('2018-10', 21),
    ('2018-11', 22),
    ('2018-12', 23),
    ('2019-01', 24),
    ('2019-02', 25),
    ('2019-03', 26),
    ('2019-04', 27),
    ('2019-05', 28),
    ('2019-06', 29),
    ('2019-07', 30),
    ('2019-08', 31),
    ('2019-09', 32),
    ('2019-10', 33),
    ('2019-11', 34),
    ('2019-12', 35),
    ('2020-01', 36),
    ('2020-02', 37),
    ('2020-03', 38),
    ('2020-04', 39),
    ('2020-05', 40),
    ('2020-06', 41),
    ('2020-07', 42),
    ('2020-08', 43),
    ('2020-09', 44),
    ('2020-10', 45),
    ('2020-11', 46),
    ('2020-12', 47),
    ('2021-01', 48),
    ('2021-02', 49),
    ('2021-03', 50),
    ('2021-04', 51),
    ('2021-05', 52),
    ('2021-06', 53),
    ('2021-07', 54),
    ('2021-08', 55),
    ('2021-09', 56),
    ('2021-10', 57),
    ('2021-11', 58),
    ('2021-12', 59),
    ('2022-01', 60),
    ('2022-02', 61);


CREATE TABLE IF NOT EXISTS storey_ranges_ordinal (
  name VARCHAR(100) PRIMARY KEY NOT NULL,  
  value INTEGER NOT NULL 
);

INSERT INTO storey_ranges_ordinal (name, value) VALUES
    ('01 TO 03', 0),
    ('04 TO 06', 1),
    ('07 TO 09', 2),
    ('10 TO 12', 3),
    ('13 TO 15', 4),
    ('16 TO 18', 5),
    ('19 TO 21', 6),
    ('22 TO 24', 7),
    ('25 TO 27', 8),
    ('28 TO 30', 9),
    ('31 TO 33', 10),
    ('34 TO 36', 11),
    ('37 TO 39', 12),
    ('40 TO 42', 13),
    ('43 TO 45', 14),
    ('46 TO 48', 15),
    ('49 TO 51', 16);

CREATE TABLE IF NOT EXISTS towns_onehot (
  name VARCHAR(100) NOT NULL,  
  value DOUBLE PRECISION NOT NULL,
  ml_model VARCHAR(100) NOT NULL,
  PRIMARY KEY (name, ml_model)
);

INSERT INTO towns_onehot (name, value, ml_model) VALUES
        ('ANG MO KIO', 15242.7125498646, 'Support Vector Regression'),
        ('BEDOK', 13200.2462752057, 'Support Vector Regression'),
        ('BISHAN', 111467.3716791703, 'Support Vector Regression'),
        ('BUKIT BATOK', -45029.0739980241, 'Support Vector Regression'),
        ('BUKIT MERAH', 116304.2233259986, 'Support Vector Regression'),
        ('BUKIT PANJANG', -90811.5533987748, 'Support Vector Regression'),
        ('BUKIT TIMAH', 71060.0, 'Support Vector Regression'),
        ('CENTRAL AREA', 105522.4998618348, 'Support Vector Regression'),
        ('CHOA CHU KANG', -113394.7108283485, 'Support Vector Regression'),
        ('CLEMENTI', 47976.4724370124, 'Support Vector Regression'),
        ('GEYLANG', 57285.4820352844, 'Support Vector Regression'),
        ('HOUGANG', -39835.5736625095, 'Support Vector Regression'),
        ('JURONG EAST', -25294.9101522065, 'Support Vector Regression'),
        ('JURONG WEST', -86550.4126401251, 'Support Vector Regression'),
        ('KALLANG/WHAMPOA', 75671.0946591326, 'Support Vector Regression'),
        ('MARINE PARADE', 103959.5822934408, 'Support Vector Regression'),
        ('PASIR RIS', -49387.3588507059, 'Support Vector Regression'),
        ('PUNGGOL', -71854.5379808986, 'Support Vector Regression'),
        ('QUEENSTOWN', 132200.3094433413, 'Support Vector Regression'),
        ('SEMBAWANG', -127077.6790104779, 'Support Vector Regression'),
        ('SENGKANG', -96294.8627908273, 'Support Vector Regression'),
        ('SERANGOON', 21447.0983172603, 'Support Vector Regression'),
        ('TAMPINES', -460.1655573872, 'Support Vector Regression'),
        ('TOA PAYOH', 63979.9902220347, 'Support Vector Regression'),
        ('WOODLANDS', -117484.0295327593, 'Support Vector Regression'),
        ('YISHUN', -71842.2146965358, 'Support Vector Regression'),
        ('ANG MO KIO', 17894.7359886372, 'Ridge Regression'),
        ('BEDOK', 10062.0096684727, 'Ridge Regression'),
        ('BISHAN', 117975.2189414936, 'Ridge Regression'),
        ('BUKIT BATOK', -61467.3468196526, 'Ridge Regression'),
        ('BUKIT MERAH', 134046.8237870002, 'Ridge Regression'),
        ('BUKIT PANJANG', -109178.8198992134, 'Ridge Regression'),
        ('BUKIT TIMAH', 222069.3930617423, 'Ridge Regression'),
        ('CENTRAL AREA', 133920.5660672206, 'Ridge Regression'),
        ('CHOA CHU KANG', -147729.1883118358, 'Ridge Regression'),
        ('CLEMENTI', 55399.8917409931, 'Ridge Regression'),
        ('GEYLANG', 67830.5782406398, 'Ridge Regression'),
        ('HOUGANG', -58460.3669950738, 'Ridge Regression'),
        ('JURONG EAST', -50052.667020286, 'Ridge Regression'),
        ('JURONG WEST', -108685.7354757206, 'Ridge Regression'),
        ('KALLANG/WHAMPOA', 81164.3492998257, 'Ridge Regression'),
        ('MARINE PARADE', 176063.5948463008, 'Ridge Regression'),
        ('PASIR RIS', -78742.6680772442, 'Ridge Regression'),
        ('PUNGGOL', -101942.4622584688, 'Ridge Regression'),
        ('QUEENSTOWN', 144071.7377318447, 'Ridge Regression'),
        ('SEMBAWANG', -162475.986239802, 'Ridge Regression'),
        ('SENGKANG', -119687.4267438396, 'Ridge Regression'),
        ('SERANGOON', 22590.9718990241, 'Ridge Regression'),
        ('TAMPINES', -22850.3534349737, 'Ridge Regression'),
        ('TOA PAYOH', 73490.5625454823, 'Ridge Regression'),
        ('WOODLANDS', -142136.9586048374, 'Ridge Regression'),
        ('YISHUN', -93170.4390736571, 'Ridge Regression');

CREATE TABLE IF NOT EXISTS flat_models_onehot (
  name VARCHAR(100) NOT NULL,  
  value DOUBLE PRECISION NOT NULL,
  ml_model VARCHAR(100) NOT NULL,
  PRIMARY KEY (name, ml_model)
);

INSERT INTO flat_models_onehot (name, value, ml_model) VALUES
       ('2-room', -2860.0, 'Support Vector Regression'),
        ('Adjoined flat', 11635.9908209495, 'Support Vector Regression'),
        ('Apartment', 2217.6519239504, 'Support Vector Regression'),
        ('DBSS', 87926.8447823854, 'Support Vector Regression'),
        ('Improved', -45713.2891644608, 'Support Vector Regression'),
        ('Improved-Maisonette', 3960.0, 'Support Vector Regression'),
        ('Maisonette', 39159.8017018929, 'Support Vector Regression'),
        ('Model A', -57158.8215602957, 'Support Vector Regression'),
        ('Model A-Maisonette', 21780.0, 'Support Vector Regression'),
        ('Model A2', -47401.7612881888, 'Support Vector Regression'),
        ('Multi Generation', 12760.0, 'Support Vector Regression'),
        ('New Generation', -32297.50729891, 'Support Vector Regression'),
        ('Premium Apartment', -39508.6079439357, 'Support Vector Regression'),
        ('Premium Apartment Loft', 15205.7951646011, 'Support Vector Regression'),
        ('Premium Maisonette', 220.0, 'Support Vector Regression'),
        ('Simplified', -27588.524380201, 'Support Vector Regression'),
        ('Standard', -32537.5727577874, 'Support Vector Regression'),
        ('Terrace', 15400.0, 'Support Vector Regression'),
        ('Type S1', 47300.0, 'Support Vector Regression'),
        ('Type S2', 27500.0, 'Support Vector Regression'),
        ('2-room', -96390.7765238749, 'Ridge Regression'),
        ('Adjoined flat', -27423.6417367632, 'Ridge Regression'),
        ('Apartment', -51769.4319114553, 'Ridge Regression'),
        ('DBSS', 49883.7129621883, 'Ridge Regression'),
        ('Improved', -80626.6260591581, 'Ridge Regression'),
        ('Improved-Maisonette', 99584.4035512561, 'Ridge Regression'),
        ('Maisonette', -17190.3163262475, 'Ridge Regression'),
        ('Model A', -86168.7451743288, 'Ridge Regression'),
        ('Model A-Maisonette', 27102.1455754052, 'Ridge Regression'),
        ('Model A2', -73870.2071757477, 'Ridge Regression'),
        ('Multi Generation', 35088.9001651558, 'Ridge Regression'),
        ('New Generation', -60650.4378166586, 'Ridge Regression'),
        ('Premium Apartment', -68976.1713295727, 'Ridge Regression'),
        ('Premium Apartment Loft', 24029.2469053343, 'Ridge Regression'),
        ('Premium Maisonette', -57020.5302576219, 'Ridge Regression'),
        ('Simplified', -53931.5113832038, 'Ridge Regression'),
        ('Standard', -70528.2001697055, 'Ridge Regression'),
        ('Terrace', 248540.1765253065, 'Ridge Regression'),
        ('Type S1', 100964.2101409632, 'Ridge Regression'),
        ('Type S2', 159353.7832586859, 'Ridge Regression');
      